,name
0,THREADED INSERTS
1,INJECTION MOLDED PLASTICS
2,LAG SCREWS
3,ANAEROBIC ADHESIVES
4,ALUMINUM FORGINGS
5,SPUR GEARS
6,BEVEL GEARS
7,RUBBER INJECTION MOLDED CAPS
8,SHOCK ABSORBERS
9,AIR COMPRESSOR
10,THRUST BALL BEARINGS
11,WELDING WIRE
12,SOLID PARTS
13,COLLET CHUCKS
14,RUBBER INSULATORS
15,POLYMERS
16,HOSE FITTINGS
17,TUBES WELDED
18,LIGHTWEIGHT CYLINDERS
19,SAFETY EQUIPMENT
20,RUBBER INSTRUMENT PANEL SEALS
21,GLASS FIBER CLOTH
22,GRAY IRON CASTINGS
23,BATTERY COVERS
24,ADHESIVES
25,WATER HOSE
26,BRAKE DRUM
27,STAINLESS STEEL HOUSING
28,GEAR MOTORS
29,BLOW MOLDING MACHINE
30,CALIPER BRAKE
31,FLANGE GASKETS
32,PRESSURE SENSOR
33,RUBBER GASKET
34,CLAMP GASKETS
35,ALUMINIUM FORGINGS
36,TAPERED ROLLER BEARINGS
37,ALLOY FORGINGS
38,OXYGEN SENSOR
39,PLASTIC EXTRUSION MACHINE
40,FIBER LASERS
41,CAST COMPONENTS
42,PROXIMITY SENSORS
43,LOW PRESSURE
44,TOOL HOLDERS
45,COPPER ALLOYS
46,CARBON FORGINGS
47,RUBBER INJECTION MOLDED COMPONENTS
48,HYDRAULIC VALVES
49,GASKETS
50,FIRE PROTECTION SYSTEM
51,BOWDEN CABLE
52,CAPACITORS
53,EXTERIOR PARTS
54,SYNTHETIC POLYMERS
55,RUBBER HOSES
56,PAINTED PARTS
57,ARTICULATED ROBOT
58,POLYPROPYLENE FIBER
59,TRIPOD
60,MOULDED COMPONENTS
61,VACUUM GAUGE
62,GAS PIPES
63,DUE DILIGENCE
64,GREY IRON CASTINGS
65,SANDING BELTS
66,SCREW PUMPS
67,WASHER PUMP
68,THERMAL INSULATOR
69,FLEXIBLE HOSES
70,WELDED
71,ELECTRIC MOTOR
72,CLEANING PRODUCTS
73,ROLLED STEEL
74,TEMPERATURE CALIBRATORS
75,AUTOMOTIVE PARTS
76,POLYESTER YARN
77,MEDICAL EQUIPMENT
78,SLIDING BEARINGS
79,GLOVES NITRILE
80,POLYPROPYLENE
81,CERAMIC COMPONENTS
82,SOLENOID
83,CORRUGATED HOSE
84,POLYPHENYLENSULFID
85,RUBBER HYDRAULIC BUSHES
86,BRAKE CALIPER
87,ELECTRIC MOTORS
88,CUTTING EQUIPMENT
89,STAINLESS STEEL SHEET
90,ENGINE COMPONENTS
91,METAL PIPES
92,PLASTIC PROCESSING MACHINERY
93,WIRE ROD
94,AUDIO SYSTEMS
95,STEEL BAR
96,HYDRAULIC ACCUMULATOR
97,CLEANING AGENT
98,ALLOY STEEL FORGINGS
99,SEALING TAPES
100,STAINLESS STEEL WIRE
101,PRESSURE TRANSDUCER
102,STEEL COMPONENTS
103,PLASTIC BLOW MOLDING MACHINE
104,INJECTION MOULDED PARTS
105,INDUCTORS
106,INTERIOR TRIM PARTS
107,CONVEYOR ROLLERS
108,MOULDED PARTS
109,STAINLESS STEEL HOSES
110,INFRARED SENSORS
111,HYDRAULIC FITTINGS
112,ALUMINUM DIE CASTINGS
113,STAINLESS STEEL PIPE
114,RUBBER ISOLATORS
115,METAL HOSES
116,FLY ASH
117,METAL STAMPINGS
118,GEAR SHAFTS
119,PISTON RINGS
120,INDUSTRIAL MACHINERY
121,CORRUGATED HOSES
122,HEATED HOSES
123,ARTICULATED ARMS
124,TORQUE SENSORS
125,STEAM BOILER
126,THREADED FASTENERS
127,SPUR GEAR
128,INTERNAL COMPONENTS
129,COOLANT PUMPS
130,GATE VALVES
131,INJECTION MOULDS
132,SERVOMOTORS
133,ADAS
134,UPSET FORGINGS
135,AIR DUCTS
136,STEEL ROLLERS
137,TRANSFORMER
138,TANTALUM CAPACITORS
139,SEALING SYSTEMS
140,DRIVE SHAFTS
141,BALANCE SHAFTS
142,ELECTRONIC COMPONENTS
143,LOUDSPEAKER SYSTEMS
144,RUBBER HOSE COMPONENTS
145,BUTTERFLY VALVES
146,AIRBAG
147,ALUMINIUM CASTINGS
148,IGNITION COMPONENTS
149,MICROCONTROLLER
150,BATTERY PACKS
151,RUBBER GASKETS
152,SURFACE GRINDING
153,CHOKE
154,DISINFECTANTS
155,TEMPERATURE SENSORS
156,BLOW MOLDED PARTS
157,VALVE
158,WOOD SCREWS
159,DETERGENT
160,SWEEPERS
161,BRAKE DISCS
162,HELICAL GEAR
163,PIPE FITTINGS
164,SURFACE COATINGS
165,CAP SCREWS
166,POLYCARBONATE RESIN
167,METAL STAMPED PARTS
168,PLASTIC INJECTION MOULDING
169,RUBBER INSERTS
170,SET SCREWS
171,SPHERICAL BEARINGS
172,COPPER STRIP
173,RUBBER INJECTION MOLDED AIR INTAKE DUCTS
174,PRESSURE WASHER
175,SHIELDING GASKETS
176,COPPER COIL
177,DRUM BRAKE
178,QUICK CONNECT COUPLINGS
179,HIGH DENSITY POLYETHYLENE
180,EXTRUSION
181,ROOF PANELS
182,WHEEL BEARINGS
183,STEEL SHEET
184,SURFACE TECHNOLOGY
185,THREADED RODS
186,PRECISION BEARINGS
187,WIPER BLADES
188,CONNECTORS
189,TEMPERATURE SENSOR
190,CORRUGATED METAL HOSES
191,PLASTIC INJECTION MOLDING MACHINE
192,STEEL WIRE
193,METAL GASKETS
194,MANIFOLD GASKETS
195,SERVO MOTORS
196,SAE SPLIT FLANGE
197,WINDING
198,PUMP HOSE
199,INDUSTRIAL OVEN
200,HYDROCHLORIC ACID
201,WINDOW MOTORS
202,CNC PARTS
203,FLEXIBLE METAL HOSES
204,CUSTOM FASTENERS
205,TITANIUM DIOXIDE
206,SPLINED SHAFTS
207,DIP TUBE
208,BRAKE PADS
209,HIGH-PRESSURE HOSES
210,AFTERMARKET SERVICE
211,PLASTIC HOSE
212,DEEP-DRAWN PARTS
213,FORGED GEARS
214,MECHANICAL ENGINEERING
215,BENT TUBES
216,THERMOPLASTIC MATERIALS
217,ALUMINUM INTAKE MANIFOLD
218,ROHRBEARBEITUNG
219,BRAKE COMPONENTS
220,GEARED MOTORS
221,FLAT CABLE
222,SILICON SEMICONDUCTOR
223,LAMINATED GLASS
224,WELDING ROBOTS
225,BEARINGS
226,ALUMINUM PIPES
227,STEERING SHAFTS
228,INDUSTRIAL HOSE
229,AUTOMOTIVE COMPONENTS
230,NITROGEN
231,MICRO MOTORS
232,STEEL FORGINGS
233,MOLDED COMPONENTS
234,ELECTRONIC MANUFACTURING SERVICE
235,RUBBER HOSE
236,STEEL ALLOY
237,LITHIUM BATTERIES
238,PUSHBUTTON SWITCHES
239,PVC HOSE
240,STEEL PIPE
241,PRECISION METAL STAMPINGS
242,STEEL SHEETS
243,REDUCER
244,MOTOR
245,HYDRAULIC FLANGE
246,BACKRESTS
247,JET PUMPS
248,BRASS PIPE FITTINGS
249,INTAKE MANIFOLD
250,CORPORATE SOCIAL RESPONSIBILITY
251,QUICK COUPLING
252,CAMSHAFTS
253,LOAD CELLS
254,PLASTIC MOLD COMPONENTS
255,DUCTILE IRON CASTINGS
256,MECHANICAL COMPONENTS
257,DRIVE TECHNOLOGY
258,AIR VALVE
259,POLYCARBONATE
260,INDUSTRIAL FURNACE
261,INJECTION MOLDS
262,WOODEN CRATES
263,PRESSURE VESSELS
264,WELDED PARTS
265,COLD ROOMS
266,HYPOID GEARS
267,HYDRAULIC ASSEMBLIES
268,IDLER ROLLERS
269,BALL BEARINGS
270,RUBBER INPUT SHAFT SEALS
271,REAMING TOOLS
272,CYLINDER HEADS
273,BRAKE FLUID
274,ROTARY HEARTH FURNACES
275,PLASTIC EXTRUDER
276,MAGNETIC COMPONENTS
277,EXTRUDED PARTS
278,COMPLEX COMPONENTS
279,STAMPED PARTS
280,RUBBER INJECTION MOLDED GRIPS
281,STEEL PIPE FITTINGS
282,SAE FLANGE
283,CYLINDRICAL ROLLER BEARINGS
284,CNC LATHES
285,ALUMINUM TUBES
286,SOLENOID VALVES
287,HOT FORGINGS
288,PTFE HOSE
289,AIR DRIVEN HYDRAULIC PUMP
290,HYBRID BEARINGS
291,RETRACTABLE POWER CORD
292,FORKLIFT
293,MOLDED GASKETS
294,POWER WINDOW MOTORS
295,CLUTCH COMPONENTS
296,DEEP GROOVE BALL BEARINGS
297,PVC BRAIDED HOSE
298,EPOXY RESIN
299,PRINTER
300,PACKAGING SOLUTIONS
301,BRAKE PISTON
302,WELDED PIPES
303,SPRING STEEL
304,HANDLING EQUIPMENT
305,MAGNET WIRE
306,OPERATED VALVES
307,FERRULE FITTINGS
308,CUTTING TOOLS
309,INTERIOR PARTS
310,POLYOLEFIN
311,IRON CASTINGS
312,RUBBER INJECTION MOLDED PLUGS
313,SUPER GLUE
314,MILLED PARTS
315,5- AXIS MACHINE
316,GRAPHITE GASKETS
317,BRASS COMPONENTS
318,TIE RODS
319,TEMPERED GLASS
320,FUEL CELL CATALYST
321,AIR OPERATED HYDRAULIC PUMP
322,WATER HOSES
323,HYDRAULIC PUMPS
324,SEALING COMPONENTS
325,HELICAL GEARS
326,GAS HOSES
327,PLASTIC MATERIALS
328,INJECTION MOLDING MACHINE
329,FORCE SENSORS
330,TURNING TOOLS
331,GRINDING MILLS
332,WORM GEARS
333,SYSTEM COMPONENTS
334,CAST ALUMINUM
335,RUBBER INSULATING SLABS
336,COUPLINGS FLUID
337,WATER PUMP
338,RETRACTABLE CABLE REEL
339,CARTESIAN ROBOT
340,PLASTIC MOLDING MACHINE
341,PRESSURE SWITCHES
342,EPOXY ADHESIVES
343,CARBIDE DRILLS
344,FLARE FITTINGS
345,PRECISION TURNED PARTS
346,CONTROL BLOCK
347,LOUDSPEAKER
348,REFRIGERANT
349,METAL COATINGS
350,STRUCTURAL PARTS
351,RUBBER INTERIOR TRIM
352,FLOW PUMPS
353,BONDING ADHESIVES
354,FIBER OPTIC CABLES
355,STEEL CONSTRUCTION
356,INTRICATE PARTS
357,HIGH PRESSURE HOSES
358,FLEXIBLE HOSE
359,TURNED PARTS
360,PROPYLENE GLYCOL
361,DEEP GROOVE BEARINGS
362,STEPPER MOTORS
363,FORGED CRANKSHAFT
364,BRAIDED HOSE
365,ALUMINUM ALLOY CASTINGS
366,BATTERIES
367,MEMBRANE VALVE
368,COPPER WIRES
369,CABLE REELS
370,STEEL COIL
371,BELT CONVEYORS
372,TUBE BENDING
373,CLEANING CHEMICAL
374,FLOW SENSORS
375,CABLE REWIND
376,STEAM HOSES
377,ALUMINUM CASTINGS
378,ALUMINUM ROUND TUBE
379,PUSHBUTTONS
380,CONNECTORS POWER
381,FLUID COUPLINGS
382,FORMED PARTS
383,LIMIT SWITCHES
384,PISTON ROD
385,WINDOW REGULATOR
386,STEEL CASTINGS
387,STEEL PIPES
388,CUSTOM HYDRAULIC CYLINDERS
389,POWER WINDOW REGULATORS
390,VALVES HYDRAULIC PUMP
391,QUICK DISCONNECT COUPLINGS
392,ALUMINUM TUBE
393,WINDOW LIFT MOTORS
394,CABLE REEL
395,BATTERY RACKS
396,CHROME PLATING
397,CONNECTOR GASKETS
398,BENDING
399,BRASS INSERTS
400,POLYVINYL CHLORIDE
401,BRAKE ANCHOR
402,HYDROGEN SENSOR
403,CHAIN FURNACES
404,TORQUE MOTORS
405,PIPE BENDING
406,ROLLER BEARINGS
407,ALUMINUM EXTRUSIONS
408,CHEQUE VALVES
409,PROFESSIONAL LOUDSPEAKER
410,THERMOPLASTIC
411,COLD ROLLED STEEL
412,AIR COMPRESSORS
413,SERVO BRAKE
414,COLD HEADED PARTS
